{
  "hash": "ef7aa2ac",
  "configHash": "2282ccf9",
  "lockfileHash": "5487aa6c",
  "browserHash": "2658d0ab",
  "optimized": {
    "@angular/cdk/bidi": {
      "src": "../../../../../../node_modules/@angular/cdk/fesm2022/bidi.mjs",
      "file": "@angular_cdk_bidi.js",
      "fileHash": "ed85730d",
      "needsInterop": false
    },
    "@angular/common": {
      "src": "../../../../../../node_modules/@angular/common/fesm2022/common.mjs",
      "file": "@angular_common.js",
      "fileHash": "6efa8b62",
      "needsInterop": false
    },
    "@angular/common/http": {
      "src": "../../../../../../node_modules/@angular/common/fesm2022/http.mjs",
      "file": "@angular_common_http.js",
      "fileHash": "e435bafe",
      "needsInterop": false
    },
    "@angular/core": {
      "src": "../../../../../../node_modules/@angular/core/fesm2022/core.mjs",
      "file": "@angular_core.js",
      "fileHash": "82799857",
      "needsInterop": false
    },
    "@angular/forms": {
      "src": "../../../../../../node_modules/@angular/forms/fesm2022/forms.mjs",
      "file": "@angular_forms.js",
      "fileHash": "7fb1140e",
      "needsInterop": false
    },
    "@angular/material/button": {
      "src": "../../../../../../node_modules/@angular/material/fesm2022/button.mjs",
      "file": "@angular_material_button.js",
      "fileHash": "73e9e553",
      "needsInterop": false
    },
    "@angular/material/dialog": {
      "src": "../../../../../../node_modules/@angular/material/fesm2022/dialog.mjs",
      "file": "@angular_material_dialog.js",
      "fileHash": "abf77962",
      "needsInterop": false
    },
    "@angular/material/table": {
      "src": "../../../../../../node_modules/@angular/material/fesm2022/table.mjs",
      "file": "@angular_material_table.js",
      "fileHash": "3c2d4ec0",
      "needsInterop": false
    },
    "@angular/platform-browser": {
      "src": "../../../../../../node_modules/@angular/platform-browser/fesm2022/platform-browser.mjs",
      "file": "@angular_platform-browser.js",
      "fileHash": "b81ef522",
      "needsInterop": false
    },
    "@angular/platform-browser/animations/async": {
      "src": "../../../../../../node_modules/@angular/platform-browser/fesm2022/animations/async.mjs",
      "file": "@angular_platform-browser_animations_async.js",
      "fileHash": "6fb0a008",
      "needsInterop": false
    },
    "@angular/router": {
      "src": "../../../../../../node_modules/@angular/router/fesm2022/router.mjs",
      "file": "@angular_router.js",
      "fileHash": "62242cf4",
      "needsInterop": false
    }
  },
  "chunks": {
    "platform-browser-ZVZDBAZE": {
      "file": "platform-browser-ZVZDBAZE.js"
    },
    "chunk-Y673QXSK": {
      "file": "chunk-Y673QXSK.js"
    },
    "chunk-OHWI2S6G": {
      "file": "chunk-OHWI2S6G.js"
    },
    "chunk-TUDK4LES": {
      "file": "chunk-TUDK4LES.js"
    },
    "chunk-CECMZ64V": {
      "file": "chunk-CECMZ64V.js"
    },
    "chunk-YCSJMAJD": {
      "file": "chunk-YCSJMAJD.js"
    },
    "chunk-VOOSZDXL": {
      "file": "chunk-VOOSZDXL.js"
    },
    "chunk-MNJNXC2A": {
      "file": "chunk-MNJNXC2A.js"
    },
    "chunk-CIXDDK5T": {
      "file": "chunk-CIXDDK5T.js"
    },
    "chunk-RK4RFECB": {
      "file": "chunk-RK4RFECB.js"
    },
    "chunk-57Y4FKOD": {
      "file": "chunk-57Y4FKOD.js"
    }
  }
}